n/t = ,func,input,result
5,Our Formula,"(5,1)",6
1,Our Formula,"(5,5)",4
larger than 5,Our Formula,"(6,1)",8
2,Our Formula,"(6,3)",4
larger than 5,Our Formula,"(7,1)",8
1,Our Formula,"(7,7)",32
larger than 5,Our Formula,"(8,1)",16
larger than 5,Our Formula,"(9,1)",10
3,Our Formula,"(9,3)",18
1,Our Formula,"(9,9)",284
larger than 5,Our Formula,"(10,1)",12
2,Our Formula,"(10,5)",60
larger than 5,Our Formula,"(11,1)",12
1,Our Formula,"(11,11)",3244
larger than 5,Our Formula,"(12,1)",24
4,Our Formula,"(12,3)",40
larger than 5,Our Formula,"(13,1)",14
1,Our Formula,"(13,13)",43730
larger than 5,Our Formula,"(14,1)",16
2,Our Formula,"(14,7)",928
larger than 5,Our Formula,"(15,1)",24
5,Our Formula,"(15,3)",64
3,Our Formula,"(15,5)",320
1,Our Formula,"(15,15)",689848
larger than 5,Our Formula,"(16,1)",28
larger than 5,Our Formula,"(17,1)",18
1,Our Formula,"(17,17)",12458782
larger than 5,Our Formula,"(18,1)",20
larger than 5,Our Formula,"(18,3)",116
2,Our Formula,"(18,9)",18544
larger than 5,Our Formula,"(19,1)",20
1,Our Formula,"(19,19)",253142180
larger than 5,Our Formula,"(20,1)",36
4,Our Formula,"(20,5)",1068
larger than 5,Our Formula,"(21,1)",32
larger than 5,Our Formula,"(21,3)",160
3,Our Formula,"(21,7)",7904
1,Our Formula,"(21,21)",5712030336
larger than 5,Our Formula,"(22,1)",24
2,Our Formula,"(22,11)",474744
larger than 5,Our Formula,"(23,1)",24
1,Our Formula,"(23,23)",141645386200
larger than 5,Our Formula,"(24,1)",64
larger than 5,Our Formula,"(24,3)",304
larger than 5,Our Formula,"(25,1)",26
5,Our Formula,"(25,5)",2330
1,Our Formula,"(25,25)",3827217749956
larger than 5,Our Formula,"(26,1)",28
2,Our Formula,"(26,13)",14365684
larger than 5,Our Formula,"(27,1)",28
larger than 5,Our Formula,"(27,3)",324
3,Our Formula,"(27,9)",259776
1,Our Formula,"(27,27)",111876916430768
larger than 5,Our Formula,"(28,1)",48
4,Our Formula,"(28,7)",38064
larger than 5,Our Formula,"(29,1)",30
1,Our Formula,"(29,29)",3516904353610570
larger than 5,Our Formula,"(30,1)",48
larger than 5,Our Formula,"(30,3)",440
larger than 5,Our Formula,"(30,5)",5104
2,Our Formula,"(30,15)",504819528
larger than 5,Our Formula,"(31,1)",32
1,Our Formula,"(31,31)",118278195404846627
larger than 5,Our Formula,"(32,1)",52
larger than 5,Our Formula,"(33,1)",48
larger than 5,Our Formula,"(33,3)",560
3,Our Formula,"(33,11)",10724720
1,Our Formula,"(33,33)",4236758462612746337
larger than 5,Our Formula,"(34,1)",36
2,Our Formula,"(34,17)",20173488156
larger than 5,Our Formula,"(35,1)",48
larger than 5,Our Formula,"(35,5)",9344
5,Our Formula,"(35,7)",116544
1,Our Formula,"(35,35)",161009456723941865459
larger than 5,Our Formula,"(36,1)",60
larger than 5,Our Formula,"(36,3)",940
4,Our Formula,"(36,9)",1807360
larger than 5,Our Formula,"(37,1)",38
1,Our Formula,"(37,37)",6469360165334881248551
larger than 5,Our Formula,"(38,1)",40
2,Our Formula,"(38,19)",902039390152
larger than 5,Our Formula,"(39,1)",56
larger than 5,Our Formula,"(39,3)",896
3,Our Formula,"(39,13)",526726280
1,Our Formula,"(39,39)",273989228524397664176526
larger than 5,Our Formula,"(40,1)",96
larger than 5,Our Formula,"(40,5)",19296
larger than 5,Our Formula,"(41,1)",42
1,Our Formula,"(41,41)",12197695065613375126619249
larger than 5,Our Formula,"(42,1)",64
larger than 5,Our Formula,"(42,3)",1120
larger than 5,Our Formula,"(42,7)",327424
2,Our Formula,"(42,21)",44582020862880
larger than 5,Our Formula,"(43,1)",44
1,Our Formula,"(43,43)",569407226733766894889352821
larger than 5,Our Formula,"(44,1)",72
4,Our Formula,"(44,11)",106826280
larger than 5,Our Formula,"(45,1)",60
larger than 5,Our Formula,"(45,3)",1516
larger than 5,Our Formula,"(45,5)",27368
5,Our Formula,"(45,9)",7657048
3,Our Formula,"(45,15)",29948322632
1,Our Formula,"(45,45)",27809920380714799864249354517
larger than 5,Our Formula,"(46,1)",48
2,Our Formula,"(46,23)",2411606447792304
larger than 5,Our Formula,"(47,1)",48
1,Our Formula,"(47,47)",1418164661532901407569388340345
larger than 5,Our Formula,"(48,1)",112
larger than 5,Our Formula,"(48,3)",1952
larger than 5,Our Formula,"(49,1)",50
larger than 5,Our Formula,"(49,7)",764610
1,Our Formula,"(49,49)",75370036714218521196001092432679
larger than 5,Our Formula,"(50,1)",52
larger than 5,Our Formula,"(50,5)",43756
2,Our Formula,"(50,25)",141633845169875888
larger than 5,Our Formula,"(51,1)",72
larger than 5,Our Formula,"(51,3)",1920
3,Our Formula,"(51,17)",1930047500408
1,Our Formula,"(51,51)",4167521285395641790524454372988621
larger than 5,Our Formula,"(52,1)",84
4,Our Formula,"(52,13)",7490103132
larger than 5,Our Formula,"(53,1)",54
1,Our Formula,"(53,53)",239378241703714699088079268137254573
larger than 5,Our Formula,"(54,1)",56
larger than 5,Our Formula,"(54,3)",2288
larger than 5,Our Formula,"(54,9)",27503480
2,Our Formula,"(54,27)",8970704209985763168
larger than 5,Our Formula,"(55,1)",72
larger than 5,Our Formula,"(55,5)",65856
5,Our Formula,"(55,11)",616973064
1,Our Formula,"(55,55)",14262380613127147451496724745378690644
larger than 5,Our Formula,"(56,1)",128
larger than 5,Our Formula,"(56,7)",1805696
larger than 5,Our Formula,"(57,1)",80
larger than 5,Our Formula,"(57,3)",2640
3,Our Formula,"(57,19)",138783539014544
1,Our Formula,"(57,57)",880276062285640343535498509373863678784
larger than 5,Our Formula,"(58,1)",60
2,Our Formula,"(58,29)",609280401407927909270
larger than 5,Our Formula,"(59,1)",60
1,Our Formula,"(59,59)",56211555650712739286894727445055841335229
larger than 5,Our Formula,"(60,1)",144
larger than 5,Our Formula,"(60,3)",3696
larger than 5,Our Formula,"(60,5)",110256
4,Our Formula,"(60,15)",605674289680
larger than 5,Our Formula,"(61,1)",62
1,Our Formula,"(61,61)",3709449950065293917196624734744373832996603
larger than 5,Our Formula,"(62,1)",64
2,Our Formula,"(62,31)",44159328496606822008898
larger than 5,Our Formula,"(63,1)",80
larger than 5,Our Formula,"(63,3)",3856
larger than 5,Our Formula,"(63,7)",3273920
larger than 5,Our Formula,"(63,9)",80660000
3,Our Formula,"(63,21)",11000914664355472
1,Our Formula,"(63,63)",252697715794904333085373109382899921636090209
larger than 5,Our Formula,"(64,1)",100
larger than 5,Our Formula,"(65,1)",84
larger than 5,Our Formula,"(65,5)",138488
5,Our Formula,"(65,13)",58421398764
1,Our Formula,"(65,65)",17752593513351557784344169761594083130550333618
larger than 5,Our Formula,"(66,1)",96
larger than 5,Our Formula,"(66,3)",4048
larger than 5,Our Formula,"(66,11)",2821263328
2,Our Formula,"(66,33)",3400997701132930842209466
larger than 5,Our Formula,"(67,1)",68
1,Our Formula,"(67,67)",1284928880433251387332781584773048280828839849777
larger than 5,Our Formula,"(68,1)",108
4,Our Formula,"(68,17)",55334232021588
larger than 5,Our Formula,"(69,1)",96
larger than 5,Our Formula,"(69,3)",4576
3,Our Formula,"(69,23)",952045535248928063
1,Our Formula,"(69,69)",95733971086451417809130942859832124952213909760721
larger than 5,Our Formula,"(70,1)",96
larger than 5,Our Formula,"(70,5)",194016
larger than 5,Our Formula,"(70,7)",6121536
2,Our Formula,"(70,35)",277306983437336901939603510
larger than 5,Our Formula,"(71,1)",72
1,Our Formula,"(71,71)",7335982790515522137993122371117720808014209331357480
larger than 5,Our Formula,"(72,1)",160
larger than 5,Our Formula,"(72,3)",7008
larger than 5,Our Formula,"(72,9)",222887872
larger than 5,Our Formula,"(73,1)",74
1,Our Formula,"(73,73)",577712840350053602046820510499717923685262729206509851
larger than 5,Our Formula,"(74,1)",76
2,Our Formula,"(74,37)",23859728823529339867518978214
larger than 5,Our Formula,"(75,1)",104
larger than 5,Our Formula,"(75,3)",5824
larger than 5,Our Formula,"(75,5)",274568
5,Our Formula,"(75,15)",6331683112168
3,Our Formula,"(75,25)",89251560417899605072
1,Our Formula,"(75,75)",46719957510780783424610078326680958899817465840268985087
larger than 5,Our Formula,"(76,1)",120
4,Our Formula,"(76,19)",5624985964594008
larger than 5,Our Formula,"(77,1)",96
larger than 5,Our Formula,"(77,7)",10755744
larger than 5,Our Formula,"(77,11)",10283925728
1,Our Formula,"(77,77)",3877235822793204186538665339285875138616282068541258371827
larger than 5,Our Formula,"(78,1)",112
larger than 5,Our Formula,"(78,3)",6552
larger than 5,Our Formula,"(78,13)",338988949456
2,Our Formula,"(78,39)",2160013552950655674072789426806
larger than 5,Our Formula,"(79,1)",80
1,Our Formula,"(79,79)",329974270277345335634121127701846890318033614218536611392954
larger than 5,Our Formula,"(80,1)",168
larger than 5,Our Formula,"(80,5)",385720
larger than 5,Our Formula,"(81,1)",82
larger than 5,Our Formula,"(81,3)",7290
larger than 5,Our Formula,"(81,9)",497494656
3,Our Formula,"(81,27)",9004706194063650773422
1,Our Formula,"(81,81)",28780582549650150251448925832726395814200010563333350196348007
larger than 5,Our Formula,"(82,1)",84
2,Our Formula,"(82,41)",205211418202551595024048445245390
larger than 5,Our Formula,"(83,1)",84
1,Our Formula,"(83,83)",2571094339146674647973764220632930190295328134884735569518257077
larger than 5,Our Formula,"(84,1)",192
larger than 5,Our Formula,"(84,3)",9536
larger than 5,Our Formula,"(84,7)",19413696
4,Our Formula,"(84,21)",628799165518986936
larger than 5,Our Formula,"(85,1)",108
larger than 5,Our Formula,"(85,5)",466632
5,Our Formula,"(85,17)",770735200510644
1,Our Formula,"(85,85)",235117732159938777620048867681655637050866415599863466384872837277
larger than 5,Our Formula,"(86,1)",88
2,Our Formula,"(86,43)",20411760871741597093833218224718586
larger than 5,Our Formula,"(87,1)",120
larger than 5,Our Formula,"(87,3)",8960
3,Our Formula,"(87,29)",972355034498103526355868
1,Our Formula,"(87,87)",21997003642680491538099502573016508716460213478701959970788877682719
larger than 5,Our Formula,"(88,1)",192
larger than 5,Our Formula,"(88,11)",33571116480
larger than 5,Our Formula,"(89,1)",90
1,Our Formula,"(89,89)",2104385344437836230701350356430112637671616492051924050096575328703289
larger than 5,Our Formula,"(90,1)",120
larger than 5,Our Formula,"(90,3)",10808
larger than 5,Our Formula,"(90,5)",607576
larger than 5,Our Formula,"(90,9)",1084942880
larger than 5,Our Formula,"(90,15)",46475073051480
2,Our Formula,"(90,45)",2121139533853458733835392632074728232
larger than 5,Our Formula,"(91,1)",112
larger than 5,Our Formula,"(91,7)",29477824
larger than 5,Our Formula,"(91,13)",1525545341200
1,Our Formula,"(91,91)",205756559206922319576162161916088095667536216169562481510094143120847901
larger than 5,Our Formula,"(92,1)",144
4,Our Formula,"(92,23)",76577486745078116886
larger than 5,Our Formula,"(93,1)",128
larger than 5,Our Formula,"(93,3)",10880
3,Our Formula,"(93,31)",111848766536501721832205352
1,Our Formula,"(93,93)",20551401139209937724397974470841975369031979910384979734656323892851321731
larger than 5,Our Formula,"(94,1)",96
2,Our Formula,"(94,47)",229840608848364519826224104449985835618
larger than 5,Our Formula,"(95,1)",120
larger than 5,Our Formula,"(95,5)",777536
5,Our Formula,"(95,19)",103902455696809949
1,Our Formula,"(95,95)",2095994353112354310082046661086145192469223860576378342395088006174221250434
larger than 5,Our Formula,"(96,1)",208
larger than 5,Our Formula,"(96,3)",13888
larger than 5,Our Formula,"(97,1)",98
1,Our Formula,"(97,97)",218177359470792583097221362294511439508157862588913722170069663478179365306844
larger than 5,Our Formula,"(98,1)",100
larger than 5,Our Formula,"(98,7)",46398468
2,Our Formula,"(98,49)",25922938989489295580289933710143306045312
larger than 5,Our Formula,"(99,1)",120
larger than 5,Our Formula,"(99,3)",13976
larger than 5,Our Formula,"(99,9)",2204511920
larger than 5,Our Formula,"(99,11)",90376013240
3,Our Formula,"(99,33)",13649338201330188650140670599
1,Our Formula,"(99,99)",23169570845670663968317691175268709095221725874784264421376031344713467854129313
larger than 5,Our Formula,"(100,1)",156
larger than 5,Our Formula,"(100,5)",1066260
4,Our Formula,"(100,25)",10082708132888609463968
larger than 5,Our Formula,"(101,1)",102
1,Our Formula,"(101,101)",2509228701093792523330483245836813144348188403262025864346665187004299593176931153
larger than 5,Our Formula,"(102,1)",144
larger than 5,Our Formula,"(102,3)",14280
larger than 5,Our Formula,"(102,17)",7136878185480304
2,Our Formula,"(102,51)",3038338216859424214775556586080216570404382
larger than 5,Our Formula,"(103,1)",104
1,Our Formula,"(103,103)",277018390958741791638673414528112993443709102780817423070682305930391534556353771817
larger than 5,Our Formula,"(104,1)",224
larger than 5,Our Formula,"(104,13)",5906224403360
larger than 5,Our Formula,"(105,1)",192
larger than 5,Our Formula,"(105,3)",16064
larger than 5,Our Formula,"(105,5)",1267072
larger than 5,Our Formula,"(105,7)",71865408
larger than 5,Our Formula,"(105,15)",256955077131200
5,Our Formula,"(105,21)",15344459486953307541
3,Our Formula,"(105,35)",1760802853912416888639356386302
1,Our Formula,"(105,105)",31164613121878612855603192849683420847195491068175506910427858165956713658762415381428
larger than 5,Our Formula,"(106,1)",108
2,Our Formula,"(106,53)",369515422558824189243046618422506170846108614
larger than 5,Our Formula,"(107,1)",108
1,Our Formula,"(107,107)",3571449370824892536460603240105226842120001545826694537949159461675048490282779116752717
larger than 5,Our Formula,"(108,1)",168
larger than 5,Our Formula,"(108,3)",19624
larger than 5,Our Formula,"(108,9)",4406878240
4,Our Formula,"(108,27)",1426224430451902773515776
larger than 5,Our Formula,"(109,1)",110
1,Our Formula,"(109,109)",416780627940628058830423578774172370820260891821656773266169212582509112751086792017698804
larger than 5,Our Formula,"(110,1)",144
larger than 5,Our Formula,"(110,5)",1534416
larger than 5,Our Formula,"(110,11)",229122246864
2,Our Formula,"(110,55)",46566445938346942858995308425224090509574439470
larger than 5,Our Formula,"(111,1)",152
larger than 5,Our Formula,"(111,3)",18240
3,Our Formula,"(111,37)",239362101342834862231826770602273
1,Our Formula,"(111,111)",49511599502051737942343437106598583554800201787800716294990697314600548958167075457042363669
larger than 5,Our Formula,"(112,1)",224
larger than 5,Our Formula,"(112,7)",110031584
larger than 5,Our Formula,"(113,1)",114
1,Our Formula,"(113,113)",5985550797337273902026428132216339181413873310590330707358303838456398215641170831204814251054
larger than 5,Our Formula,"(114,1)",160
larger than 5,Our Formula,"(114,3)",19760
larger than 5,Our Formula,"(114,19)",1210850490434027296
2,Our Formula,"(114,57)",6072968988661657098866768986827196046731703774154
larger than 5,Our Formula,"(115,1)",144
larger than 5,Our Formula,"(115,5)",1885056
5,Our Formula,"(115,23)",2460945555641066117615
1,Our Formula,"(115,115)",736148205013245285485876862254458308459483095552672167579022343334661639375956762590131825996486
larger than 5,Our Formula,"(116,1)",180
4,Our Formula,"(116,29)",215579740920584047403430594
larger than 5,Our Formula,"(117,1)",140
larger than 5,Our Formula,"(117,3)",22652
larger than 5,Our Formula,"(117,9)",7794630648
larger than 5,Our Formula,"(117,13)",18950531200820
3,Our Formula,"(117,39)",34191946945697858096398924893241756
1,Our Formula,"(117,117)",92079141812427572783467891843148392822253951450399635275570823504701832091922664441103972536168264
larger than 5,Our Formula,"(118,1)",120
2,Our Formula,"(118,59)",818651514830922393985877051675500945302200139795994
larger than 5,Our Formula,"(119,1)",144
larger than 5,Our Formula,"(119,7)",153661248
larger than 5,Our Formula,"(119,17)",48298202593796336
1,Our Formula,"(119,119)",11710284607598127848850580506885521629847456115181256327884998883210986000761913975009643763552257413
larger than 5,Our Formula,"(120,1)",384
larger than 5,Our Formula,"(120,3)",28576
larger than 5,Our Formula,"(120,5)",2558336
larger than 5,Our Formula,"(120,15)",1181264451523424
larger than 5,Our Formula,"(121,1)",122
larger than 5,Our Formula,"(121,11)",535428456530
1,Our Formula,"(121,121)",1513781960341982689405822309522331206060673905598830478459752439182463263711940104461688544806555891593
larger than 5,Our Formula,"(122,1)",124
2,Our Formula,"(122,61)",113942274693414208507716486783538700836539293088797144
larger than 5,Our Formula,"(123,1)",168
larger than 5,Our Formula,"(123,3)",24640
3,Our Formula,"(123,41)",5119431841999294005609834907112969279
1,Our Formula,"(123,123)",198853105929756451727781898328201278815808164220453123805573385107748135202995196576904707153406701871017
larger than 5,Our Formula,"(124,1)",192
4,Our Formula,"(124,31)",34661386096966803881774487746
larger than 5,Our Formula,"(125,1)",126
larger than 5,Our Formula,"(125,5)",2783150
5,Our Formula,"(125,25)",425579887345215157946212
1,Our Formula,"(125,125)",26537615036459071684785596305913106994126758236169553980497079618557367166139743908684844885191446362833994
larger than 5,Our Formula,"(126,1)",160
larger than 5,Our Formula,"(126,3)",28320
larger than 5,Our Formula,"(126,7)",219630400
larger than 5,Our Formula,"(126,9)",13748137600
larger than 5,Our Formula,"(126,21)",224574126976688465726
2,Our Formula,"(126,63)",16357162803558875063406618705474029781390996782914207744
larger than 5,Our Formula,"(127,1)",128
1,Our Formula,"(127,127)",3597019111758898185686128113533265025194588032548171379771560903655449490759482648333275638126727445244329267
larger than 5,Our Formula,"(128,1)",196
larger than 5,Our Formula,"(129,1)",176
larger than 5,Our Formula,"(129,3)",28336
3,Our Formula,"(129,43)",801610037832317117394124137215421712900
1,Our Formula,"(129,129)",495073030114946028303138279931696027123030756580351993358852244276087245212474871040924227733743850314868149435
larger than 5,Our Formula,"(130,1)",168
larger than 5,Our Formula,"(130,5)",3347400
larger than 5,Our Formula,"(130,13)",55688191180728
2,Our Formula,"(130,65)",2419616063394489788593830033972709061060014494555033175936
larger than 5,Our Formula,"(131,1)",132
1,Our Formula,"(131,131)",69173389498001515990147377402919767054831507542511595701204944724206521863204229568782794265210036834125994944513
larger than 5,Our Formula,"(132,1)",288
larger than 5,Our Formula,"(132,3)",35040
larger than 5,Our Formula,"(132,11)",1197996812448
4,Our Formula,"(132,33)",5904404173002008045389490999226
larger than 5,Our Formula,"(133,1)",160
larger than 5,Our Formula,"(133,7)",308038240
larger than 5,Our Formula,"(133,19)",10000547723039809039
1,Our Formula,"(133,133)",9809634697220022337521698671615562574731835018948303223626377510813281787005270151602719910931469129476088432790804
larger than 5,Our Formula,"(134,1)",136
2,Our Formula,"(134,67)",368471952624834188290948497130476792085837293984733667485440
larger than 5,Our Formula,"(135,1)",168
larger than 5,Our Formula,"(135,3)",33304
larger than 5,Our Formula,"(135,5)",3993920
larger than 5,Our Formula,"(135,9)",23530477888
larger than 5,Our Formula,"(135,15)",4483375825759712
5,Our Formula,"(135,27)",78886690493257939685864779
3,Our Formula,"(135,45)",130994990432034513784542631878057820448247
1,Our Formula,"(135,135)",1411608649912478872668404781747561068653806668813472950862226742971070157357127019858349595512245527898699970807673054
larger than 5,Our Formula,"(136,1)",288
larger than 5,Our Formula,"(136,17)",263638728708518112
larger than 5,Our Formula,"(137,1)",138
1,Our Formula,"(137,137)",206077246951209994857184864505362105507803211682056759551789456779193366245858527065799137812139738931759634183828768051
larger than 5,Our Formula,"(138,1)",192
larger than 5,Our Formula,"(138,3)",34592
larger than 5,Our Formula,"(138,23)",45148026561473463689928
2,Our Formula,"(138,69)",57717784433054970443326439462448146974037200405736988046888960
larger than 5,Our Formula,"(139,1)",140
1,Our Formula,"(139,139)",30514715053390615593908905361770431233802682203876724062062936879359003043072023932294309659462273237438980047690507166125
larger than 5,Our Formula,"(140,1)",288
larger than 5,Our Formula,"(140,5)",5049696
larger than 5,Our Formula,"(140,7)",441103392
4,Our Formula,"(140,35)",1061910340792339144440450971433014
larger than 5,Our Formula,"(141,1)",192
larger than 5,Our Formula,"(141,3)",36800
3,Our Formula,"(141,47)",22298888070692730734559557110986823397961128
1,Our Formula,"(141,141)",4582094368712636333933877269441847754875047673418650729947561497087128690152616148030854238422507028689976215054629209137649
larger than 5,Our Formula,"(142,1)",144
2,Our Formula,"(142,71)",9292047631529156208215925720444532290062869476700931685409140736
larger than 5,Our Formula,"(143,1)",168
larger than 5,Our Formula,"(143,11)",2424318932840
larger than 5,Our Formula,"(143,13)",149110564864920
1,Our Formula,"(143,143)",697603362617709297963910433392353407006122780466476696862529483456931532473949028685115657517558848310458770564724760196589567
larger than 5,Our Formula,"(144,1)",280
larger than 5,Our Formula,"(144,3)",48440
larger than 5,Our Formula,"(144,9)",39435947968
larger than 5,Our Formula,"(145,1)",180
larger than 5,Our Formula,"(145,5)",5592504
5,Our Formula,"(145,29)",15594686175251944605165387611
1,Our Formula,"(145,145)",107661322225142282523798350607410520874487827462583761829331543219648067373739927866635135231123255073554961765543605115631678484
larger than 5,Our Formula,"(146,1)",148
2,Our Formula,"(146,73)",1536309883159933790901743668309036836779868008731650561194463854592
larger than 5,Our Formula,"(147,1)",200
larger than 5,Our Formula,"(147,3)",41600
larger than 5,Our Formula,"(147,7)",583949832
larger than 5,Our Formula,"(147,21)",2258190113114935264850
3,Our Formula,"(147,49)",3947346063140724150641677343939523221626218386
1,Our Formula,"(147,147)",16839784753565054539862844216501625825201812793789608783846881188013893672743451600898505733509203768864878164188707449690705625657
larger than 5,Our Formula,"(148,1)",228
4,Our Formula,"(148,37)",201023778550261031573527936636536998
larger than 5,Our Formula,"(149,1)",150
1,Our Formula,"(149,149)",2669072188226188608097786730416937897960249445839515027026565204541723720825075188776648273756422983980514627173702127733271524196255
larger than 5,Our Formula,"(150,1)",208
larger than 5,Our Formula,"(150,3)",44200
larger than 5,Our Formula,"(150,5)",6704560
larger than 5,Our Formula,"(150,15)",15232775931672952
larger than 5,Our Formula,"(150,25)",9770550014708997231697280
2,Our Formula,"(150,75)",260674780406494696060705388292566941414929808528703823171871631212544
larger than 5,Our Formula,"(151,1)",152
1,Our Formula,"(151,151)",428602249046523151905557202784367289344586321882965654785953312633623285297638090375854111333397678837942252214359515185688646296983613
larger than 5,Our Formula,"(152,1)",320
larger than 5,Our Formula,"(152,19)",64776390915816382016
larger than 5,Our Formula,"(153,1)",180
larger than 5,Our Formula,"(153,3)",49476
larger than 5,Our Formula,"(153,9)",61851364680
larger than 5,Our Formula,"(153,17)",1177571086180575038
3,Our Formula,"(153,51)",725501240615716573580212281224330669294149238023
1,Our Formula,"(153,153)",69717904351610757469219611507298024393759446647966047285592266800867538808982954805619870106199033284576121592300618878948424475237499891
larger than 5,Our Formula,"(154,1)",192
larger than 5,Our Formula,"(154,7)",777674496
larger than 5,Our Formula,"(154,11)",4778356701120
2,Our Formula,"(154,77)",45360291086754086294910345778391103000548241749803549255407492251779072
larger than 5,Our Formula,"(155,1)",192
larger than 5,Our Formula,"(155,5)",7665152
5,Our Formula,"(155,31)",3273512669423028073954503997648
1,Our Formula,"(155,155)",11485695904436052147898316424113155599558319731087414252120230003551008485705140447380697032751415014015922037362245509690371491078186404718
larger than 5,Our Formula,"(156,1)",336
larger than 5,Our Formula,"(156,3)",57008
larger than 5,Our Formula,"(156,13)",374920820792688
4,Our Formula,"(156,39)",39945514828654724369119659100846932598
larger than 5,Our Formula,"(157,1)",158
1,Our Formula,"(157,157)",1916119734248193146289325100834894692282897217863373984923884137074813626170017292923868030569968290920427697995584301496653660953378009873994
larger than 5,Our Formula,"(158,1)",160
2,Our Formula,"(158,79)",8089626245745546782736172828077979898835897591576904925522411883865309184
larger than 5,Our Formula,"(159,1)",216
larger than 5,Our Formula,"(159,3)",52416
3,Our Formula,"(159,53)",138246220922276257713874179425887802027476626820847
1,Our Formula,"(159,159)",323646819631112888669526966963517443150125572584394862946484498268101226495246331831581252928827406267002829803971363669863184107422957343915698
larger than 5,Our Formula,"(160,1)",312
larger than 5,Our Formula,"(160,5)",9440616
larger than 5,Our Formula,"(161,1)",192
larger than 5,Our Formula,"(161,7)",1031444544
larger than 5,Our Formula,"(161,23)",551608517870789964282005
1,Our Formula,"(161,161)",55339620301348297979807672750074546301784376535247089586832871506462176918601261921344407858912552493799953798155241446722059818957859398556157540
larger than 5,Our Formula,"(162,1)",164
larger than 5,Our Formula,"(162,3)",55460
larger than 5,Our Formula,"(162,9)",96821983856
larger than 5,Our Formula,"(162,27)",2263024491718016268315497984
2,Our Formula,"(162,81)",1477713548480110896135902773130384524316787742865703159263198277644979273728
larger than 5,Our Formula,"(163,1)",164
1,Our Formula,"(163,163)",9577486893752362787594550581495694910702663055225521674694537606856081547456419123822165022234154833836613804940648435489464514800425675287322873539
larger than 5,Our Formula,"(164,1)",252
4,Our Formula,"(164,41)",8311634793093695919730507322856973584334
larger than 5,Our Formula,"(165,1)",288
larger than 5,Our Formula,"(165,3)",59808
larger than 5,Our Formula,"(165,5)",10477632
larger than 5,Our Formula,"(165,11)",9051584422560
larger than 5,Our Formula,"(165,15)",46603892691303584
5,Our Formula,"(165,33)",726902445923853038807776058658229
3,Our Formula,"(165,55)",27275282627707586252550337631659998337405951949965478
1,Our Formula,"(165,165)",1677465327790996557478130382667376943773909176980302978055399436243042193245685429535538567414376909368125669392487624056414013401578415149200729145166
larger than 5,Our Formula,"(166,1)",168
2,Our Formula,"(166,83)",276317075662471378124813296033705737485572684781740770059465783364222644649984
larger than 5,Our Formula,"(167,1)",168
1,Our Formula,"(167,167)",297289598893208052613223674419255280894790967630926691860447799436728449213524948853996846021231837167594379866830202076606549923197184899492771746824377
larger than 5,Our Formula,"(168,1)",512
larger than 5,Our Formula,"(168,3)",74880
larger than 5,Our Formula,"(168,7)",1411980800
larger than 5,Our Formula,"(168,21)",17341173174620028134808
larger than 5,Our Formula,"(169,1)",170
larger than 5,Our Formula,"(169,13)",859656153371262
1,Our Formula,"(169,169)",53305144930692655927726874737841318174966443875417659510883645585345822269884570334373951761720339510447528087382585412854183453525538536478965172344078743
larger than 5,Our Formula,"(170,1)",216
larger than 5,Our Formula,"(170,5)",11885112
larger than 5,Our Formula,"(170,17)",4615894925204029608
2,Our Formula,"(170,85)",52861506770415836771284003900657246398141583233647061055247365398675968233570304
larger than 5,Our Formula,"(171,1)",200
larger than 5,Our Formula,"(171,3)",68520
larger than 5,Our Formula,"(171,9)",148191939280
larger than 5,Our Formula,"(171,19)",339241359428914950052
3,Our Formula,"(171,57)",5564769171136954665886061501240013407286354630584627974
1,Our Formula,"(171,171)",9668571327432830985680781954562029215292799300463404850760534247830274373988940747462112552533072765335831301980399786794079829446028547659472406782609533840
larger than 5,Our Formula,"(172,1)",264
4,Our Formula,"(172,43)",1806943401148208255873806609120589009289978
larger than 5,Our Formula,"(173,1)",174
1,Our Formula,"(173,173)",1773785691300890639549003638571287999980920321517765495518954736786195021402037749993336939569135340319299693843268521869010399036511619111407564006134931893658
larger than 5,Our Formula,"(174,1)",240
larger than 5,Our Formula,"(174,3)",68440
larger than 5,Our Formula,"(174,29)",558237741435146000144479583126
2,Our Formula,"(174,87)",10340836926454650388453352244706031804021322637297656116158831855786610453905408000
larger than 5,Our Formula,"(175,1)",208
larger than 5,Our Formula,"(175,5)",13718800
larger than 5,Our Formula,"(175,7)",1756940224
larger than 5,Our Formula,"(175,25)",144794218054172967704921595
5,Our Formula,"(175,35)",170185767881133192419580488791107805
1,Our Formula,"(175,175)",329100767539509709780017897849150011041769892573034498237943560331162544243479629479729557079149148226593986935832873799083210285502602471466295417617693513532166
larger than 5,Our Formula,"(176,1)",336
larger than 5,Our Formula,"(176,11)",16637025987088
larger than 5,Our Formula,"(177,1)",240
larger than 5,Our Formula,"(177,3)",71920
3,Our Formula,"(177,59)",1172696874426021415927226004813655597248639385202600747776
1,Our Formula,"(177,177)",61743335178047468282241778011308669044248102291978961086144512234312162317471345471068011388409238280981874755691861998723198507159249471102399166248997466606205685
larger than 5,Our Formula,"(178,1)",180
2,Our Formula,"(178,89)",2067458042896908978020784708541464225926855487210430648515194946899002941527648370688
larger than 5,Our Formula,"(179,1)",180
1,Our Formula,"(179,179)",11711984871065564527050020513935279823927980540992788456195355018058414995197119939701136125540190139539411282635719538983429235221458315558161272032736274401032123343
larger than 5,Our Formula,"(180,1)",360
larger than 5,Our Formula,"(180,3)",93192
larger than 5,Our Formula,"(180,5)",16488888
larger than 5,Our Formula,"(180,9)",226424282112
larger than 5,Our Formula,"(180,15)",131843681656491160
4,Our Formula,"(180,45)",409613349780693923828822711970683404504871720
larger than 5,Our Formula,"(181,1)",182
1,Our Formula,"(181,181)",2245934791978249055295744244461403745951145939835362301302823642706894569030926431305164740811970302588350772935007517846889471787555909576755989414255951167307185707047
larger than 5,Our Formula,"(182,1)",224
larger than 5,Our Formula,"(182,7)",2259834944
larger than 5,Our Formula,"(182,13)",1888929416634272
2,Our Formula,"(182,91)",422253185855726481656485847371963611290334847017427569784931966954521727113758777540608
larger than 5,Our Formula,"(183,1)",248
larger than 5,Our Formula,"(183,3)",79360
3,Our Formula,"(183,61)",254986876658779552822503101776679373629866235070794971544798
1,Our Formula,"(183,183)",435349618709931052722310755786775975584391783776182656621788796189763173440599481517685101607157175382692343422534148788313531021945932856444702959168600722328323705719509
larger than 5,Our Formula,"(184,1)",384
larger than 5,Our Formula,"(184,23)",5016942006328957040624328
larger than 5,Our Formula,"(185,1)",228
larger than 5,Our Formula,"(185,5)",17773208
5,Our Formula,"(185,37)",41887131873942530453346709426124381765
1,Our Formula,"(185,185)",85290934408254092022037902454741427423393502163860634706588894781378713400251747725585655275800623751380385652077285285397004348937584801513559447417494941858413110773050177
larger than 5,Our Formula,"(186,1)",256
larger than 5,Our Formula,"(186,3)",83328
larger than 5,Our Formula,"(186,31)",146041758475868207596958596008002
2,Our Formula,"(186,93)",88057004296455559111582413158215162125754352710263265603596477559650900218196701350985728
larger than 5,Our Formula,"(187,1)",216
larger than 5,Our Formula,"(187,11)",28933802356248
larger than 5,Our Formula,"(187,17)",16100204902020932494
1,Our Formula,"(187,187)",16886577642534219771788023491981528009193922331559369054976695328607758772542820056485218838840752234569048395687998820307686061663620919081114968030890402292709442276858361530
larger than 5,Our Formula,"(188,1)",288
4,Our Formula,"(188,47)",96646155876447997107831220604471408373801513570
larger than 5,Our Formula,"(189,1)",224
larger than 5,Our Formula,"(189,3)",88672
larger than 5,Our Formula,"(189,7)",2880109088
larger than 5,Our Formula,"(189,9)",328721637568
larger than 5,Our Formula,"(189,21)",106186054083804491764332
larger than 5,Our Formula,"(189,27)",40616847208155184754809440491
3,Our Formula,"(189,63)",57148735175768305346392049323848446360802866685472359585616179
1,Our Formula,"(189,189)",3378359948640770690589234811203842456478906129168018886825690716575566635364789362904407854144102815081239178577341574729406079397413764428120692663444041344181196822374392104797
larger than 5,Our Formula,"(190,1)",240
larger than 5,Our Formula,"(190,5)",20191152
larger than 5,Our Formula,"(190,19)",1531317616467782790874
2,Our Formula,"(190,95)",18742077505889451353527621938059314984600447280498002581064831432964545599508280469492858880
larger than 5,Our Formula,"(191,1)",192
1,Our Formula,"(191,191)",682885950527768650804576064587040481513584645675761456036710360429391524962444302440581993290729830876933460796400609535225986069344145415254978923028610356343678590005152420315492
larger than 5,Our Formula,"(192,1)",400
larger than 5,Our Formula,"(192,3)",104576
larger than 5,Our Formula,"(193,1)",194
1,Our Formula,"(193,193)",139451078529387872671248445101959767159143985602701701471994686493989338839144188824006982690931753644063385097719439958282568765379356940716544328549091439642473740515877909971628472
larger than 5,Our Formula,"(194,1)",196
2,Our Formula,"(194,97)",4069589032456831597032748206263563445996865349824002755808039893971498409717754329869672513536
larger than 5,Our Formula,"(195,1)",336
larger than 5,Our Formula,"(195,3)",97664
larger than 5,Our Formula,"(195,5)",23175040
larger than 5,Our Formula,"(195,13)",3957708615982896
larger than 5,Our Formula,"(195,15)",340539086886323808
5,Our Formula,"(195,39)",10809641805018513097283048428033018015129
3,Our Formula,"(195,65)",13189947209632478420827270606899151629255626802252911085559386966
1,Our Formula,"(195,195)",28766130277374849061483471515480872780280224514288655859330997428105204839399251319266041365740104701219004499255669755185445793825683101723427488162718165120283265545788039431294408137
larger than 5,Our Formula,"(196,1)",300
larger than 5,Our Formula,"(196,7)",3740636556
4,Our Formula,"(196,49)",23694799187997529142025087479867979837112633759616
larger than 5,Our Formula,"(197,1)",198
1,Our Formula,"(197,197)",5993523747992649665898363714322408026285669669247256805055027747351048047649388230103817571178788828272349545355597102366774001390458035465701439575796662221956152334579647571562441074973
larger than 5,Our Formula,"(198,1)",240
larger than 5,Our Formula,"(198,3)",105712
larger than 5,Our Formula,"(198,9)",474883357888
larger than 5,Our Formula,"(198,11)",49491233598640
larger than 5,Our Formula,"(198,33)",40371013645207081672492289207018682
2,Our Formula,"(198,99)",901127150133282988680883835111122626379306045255342183324522149684351593348128206896102174097408
larger than 5,Our Formula,"(199,1)",200
1,Our Formula,"(199,199)",1261189946159563073285850318371925019122458736860257029608810231374616554126394718394151340190565333126376742879950672761259991783666556552696918980798643741134225487067710635657914827636585
larger than 5,Our Formula,"(200,1)",416
larger than 5,Our Formula,"(200,5)",27594848
larger than 5,Our Formula,"(200,25)",1558136941954097380386427072
larger than 5,Our Formula,"(201,1)",272
larger than 5,Our Formula,"(201,3)",104720
3,Our Formula,"(201,67)",3132153967454109690368685423248298903342443353409920695565239993683
1,Our Formula,"(201,201)",267999132531219707738136853554549989896314833002809244112940639313339655957338402535507186688543792539140803300585040795874008375028851242879546355963943217288540856238183630236953417860473002
larger than 5,Our Formula,"(202,1)",204
2,Our Formula,"(202,101)",203401931062977005456994794051363251421642493573571664659474068306099134919460285868161983720718336
larger than 5,Our Formula,"(203,1)",240
larger than 5,Our Formula,"(203,7)",4567392960
larger than 5,Our Formula,"(203,29)",12118300239622860023058064317435
1,Our Formula,"(203,203)",57504109491516710464159226934215573262853313188236795529328853085324578924302206588317199901723524817841323617311260073226887813044623760309470137870042033576951073748170070725476080363647119668
larger than 5,Our Formula,"(204,1)",432
larger than 5,Our Formula,"(204,3)",125136
larger than 5,Our Formula,"(204,17)",51247228053276420444
4,Our Formula,"(204,51)",6027200293009929046189516231400414656626104071626270
larger than 5,Our Formula,"(205,1)",252
larger than 5,Our Formula,"(205,5)",29034600
5,Our Formula,"(205,41)",2918062136467650723716299435725184998833823
1,Our Formula,"(205,205)",12457640518935443163950649229255376051832748181686823319125516933396276143389745044305545271598274737188690940417138985355003538550427986413401921999271201263934464183071267321342799295353293953882
larger than 5,Our Formula,"(206,1)",208
2,Our Formula,"(206,103)",46783745782959216810896885391345274053379479608151395668525919817476848522350532658625195342190084096
larger than 5,Our Formula,"(207,1)",240
larger than 5,Our Formula,"(207,3)",120112
larger than 5,Our Formula,"(207,9)",677806300768
larger than 5,Our Formula,"(207,23)",35839665465201581184752475
3,Our Formula,"(207,69)",764619792769916523628996811909035330496422544908041235722579500226664
1,Our Formula,"(207,207)",2724606187755729769662274758951302229289018039550844497118593753193978468886479017927452701355088785553014922607131847507093448041854040673035602771795827316684050234633446491551660284877400699259392
larger than 5,Our Formula,"(208,1)",392
larger than 5,Our Formula,"(208,13)",7980962335072856
larger than 5,Our Formula,"(209,1)",240
larger than 5,Our Formula,"(209,11)",82441748210480
larger than 5,Our Formula,"(209,19)",6078180915457531688891
1,Our Formula,"(209,209)",601538053125790139925096503810346988592230807724628337167399544285072111845707644580981352315958187465104514423126483613080307083233785379702459671859790849837319178879213082491149603478357929396967890
larger than 5,Our Formula,"(210,1)",384
larger than 5,Our Formula,"(210,3)",122176
larger than 5,Our Formula,"(210,5)",33058688
larger than 5,Our Formula,"(210,7)",5722920960
larger than 5,Our Formula,"(210,15)",832494016834092224
larger than 5,Our Formula,"(210,21)",551073999480904342962610
larger than 5,Our Formula,"(210,35)",11754326218756347395246650568722327606
2,Our Formula,"(210,105)",10960984315137913787466920487155638944803924800933094832548460094257820901774605594192077448352324648960
larger than 5,Our Formula,"(211,1)",212
1,Our Formula,"(211,211)",134052538877723339593802083776369352720545146304482327794065712428462227146003732826456062929710705890263735547505286217633922579133841873482342040116089536561046375113776357299277375021540517646032568779
larger than 5,Our Formula,"(212,1)",324
4,Our Formula,"(212,53)",1588402682866034489175167806952945822863671484833422278
larger than 5,Our Formula,"(213,1)",288
larger than 5,Our Formula,"(213,3)",124320
3,Our Formula,"(213,71)",191738776584428449408658083753248062435097860412373439936717637592300772
1,Our Formula,"(213,213)",30150980052346733780634871024403924228493491252568371433142254348492762335531600565780704796833005698646091179416131589184991310973558741054656360424168123628389074739617945139759136893572867394934091123128
larger than 5,Our Formula,"(214,1)",216
2,Our Formula,"(214,107)",2614980231670598680437876568103131044501793040575289222153512707661581163552479572060975117267534216167424
larger than 5,Our Formula,"(215,1)",264
larger than 5,Our Formula,"(215,5)",36483392
5,Our Formula,"(215,43)",822258967198023408108456038601698945254066469
1,Our Formula,"(215,215)",6843919141760257779810863765650076031667213358950227062020642041274918056812616294218405686545647287687116350582168359707974284477585217905728468492595798545212943931439138018852597465396706152404051882487447
larger than 5,Our Formula,"(216,1)",448
larger than 5,Our Formula,"(216,3)",155424
larger than 5,Our Formula,"(216,9)",972278892384
larger than 5,Our Formula,"(216,27)",516621350621414650639862699008
larger than 5,Our Formula,"(217,1)",256
larger than 5,Our Formula,"(217,7)",7036635904
larger than 5,Our Formula,"(217,31)",3829900629327845733329098476993422
1,Our Formula,"(217,217)",1567648321411465196966903051929132125302756462750618561013926871020149646770969499206050255949548948650836181107304243071057134465494487581031286680683622220737995030556802294174813117394757487863559440500418909
larger than 5,Our Formula,"(218,1)",220
2,Our Formula,"(218,109)",635048336471153132401919607699511136839533937386863659745904498097862167171428233047627296751414859903533056
larger than 5,Our Formula,"(219,1)",296
larger than 5,Our Formula,"(219,3)",134976
3,Our Formula,"(219,73)",49353163856449365266631436447837293520116408863268987232350568722433724619
1,Our Formula,"(219,219)",362323674487102200789789589567315467488850938656611640852735301654824130483996763733679998238266198446296396988660474291756528443365065786361801249149993516479136938391351918601343098514061758515500326395013666650
larger than 5,Our Formula,"(220,1)",432
larger than 5,Our Formula,"(220,5)",42871824
larger than 5,Our Formula,"(220,11)",135400224046320
4,Our Formula,"(220,55)",433134072835486757785429317905447297833224517000187642414
larger than 5,Our Formula,"(221,1)",252
larger than 5,Our Formula,"(221,13)",15286448605666500
larger than 5,Our Formula,"(221,17)",148540025075139343398
1,Our Formula,"(221,221)",84491632202162394928034048701262216567236816999992815135572102686455005552905224100884573014560059851387914782402602323066525493009282579113406679130384755673279830378873832289349201361196819374450720911915421370591
larger than 5,Our Formula,"(222,1)",304
larger than 5,Our Formula,"(222,3)",140600
larger than 5,Our Formula,"(222,37)",3594362966057713887347171067044353788070
2,Our Formula,"(222,111)",156936941581751024120585665530247379238839525746635867737985967496687359018364200930987945339111738307241836544
larger than 5,Our Formula,"(223,1)",224
1,Our Formula,"(223,223)",19877641898989712801845135965073233592339396096442093833593627123445375856710206223143285581717420548662070235099856140145421788316578359483950565295989731638489760192405836374481436262657544924291052678679841708965383
larger than 5,Our Formula,"(224,1)",416
larger than 5,Our Formula,"(224,7)",8860812704
larger than 5,Our Formula,"(225,1)",260
larger than 5,Our Formula,"(225,3)",153556
larger than 5,Our Formula,"(225,5)",45560708
larger than 5,Our Formula,"(225,9)",1325802351848
larger than 5,Our Formula,"(225,15)",1926888291093499828
larger than 5,Our Formula,"(225,25)",12962290926871267342478652911
5,Our Formula,"(225,45)",241388707182421159250671480583258269459584316557
3,Our Formula,"(225,75)",13030371859186154224396548972559841953793561440252443271481993506922268796508
1,Our Formula,"(225,225)",4717545288430277865739300081965985616435270091244431058945745788839799263234814668005615496436008287320710952962466089221898358500244321442863491777449039557743351450159274559968384764321709266715154619390479355585241783
larger than 5,Our Formula,"(226,1)",228
2,Our Formula,"(226,113)",39453825751363644957417452151644113027732748674047948714438715654397727310448031521742756251350977853027227009024
larger than 5,Our Formula,"(227,1)",228
1,Our Formula,"(227,227)",1129363713666229524422846816448810633020394274871484127215034446612178117477999492469448725830758647876524245251201431471857523896831239333263756408161844579818652297520197566876170107021535126280887616712422158371519206349
larger than 5,Our Formula,"(228,1)",480
larger than 5,Our Formula,"(228,3)",173600
larger than 5,Our Formula,"(228,19)",21755782628099343322812
4,Our Formula,"(228,57)",122060797132352595025811724259198497717691825186213157956554
larger than 5,Our Formula,"(229,1)",230
1,Our Formula,"(229,229)",272700032060840499795088173196990735296061213962767654052084781029942096676751124356184549733134524271293095646263606533945889371355002289063964412668656631972162742348898249825452837147263962085224486857919418883933181194809
larger than 5,Our Formula,"(230,1)",288
larger than 5,Our Formula,"(230,5)",50452896
larger than 5,Our Formula,"(230,23)",213538513053767827617681586
2,Our Formula,"(230,115)",10087158189875108336246325507812081881958592051207923749063919056547950536069872431172836528007174234822975162417152
larger than 5,Our Formula,"(231,1)",384
larger than 5,Our Formula,"(231,3)",160000
larger than 5,Our Formula,"(231,7)",10616610048
larger than 5,Our Formula,"(231,11)",213766952495488
larger than 5,Our Formula,"(231,21)",2485254926124714859641311
larger than 5,Our Formula,"(231,33)",1277618528804814539687333440400431259
3,Our Formula,"(231,77)",3526530152315165102665521106388700827300180323423085697355909648135563811746888
1,Our Formula,"(231,231)",66410660613923340924967001040920009085054247994731519082856766952947605412297858797569839655524039657142445265743786082874561695484428083068676571669019253179627313226837396352170068903137990997799519651914334049342002412488975
larger than 5,Our Formula,"(232,1)",480
larger than 5,Our Formula,"(232,29)",182013333505080260019519501233752
larger than 5,Our Formula,"(233,1)",234
1,Our Formula,"(233,233)",16310221794703377167255429769884566307116634299213779489049718288475700432650184924695858010894152128317643688171797434024253444808305739132146236233822728208333776087899211438254229577399966914219844425306101658572721402742553775
larger than 5,Our Formula,"(234,1)",280
larger than 5,Our Formula,"(234,3)",172760
larger than 5,Our Formula,"(234,9)",1820534317728
larger than 5,Our Formula,"(234,13)",28515039231416200
larger than 5,Our Formula,"(234,39)",1151426733294687498152660328363608224522870
2,Our Formula,"(234,117)",2622038316786636575052524962037460776053280328473618263526972001840420913618897478473353237634614582348530058004529152
larger than 5,Our Formula,"(235,1)",288
larger than 5,Our Formula,"(235,5)",55946496
5,Our Formula,"(235,47)",73698153152497583404787357070645092981515037696059
1,Our Formula,"(235,235)",4039430453522781348877386193209394960469668999532745123465134310673754790830853696259412410792133118428483587307056846820874190080201536217553770181583035601014742016208705914766079745793843522340708400743703932750899204162708039192
larger than 5,Our Formula,"(236,1)",360
4,Our Formula,"(236,59)",35508652365020908731863450322489843571779700517145004550540826
larger than 5,Our Formula,"(237,1)",320
larger than 5,Our Formula,"(237,3)",170560
3,Our Formula,"(237,79)",977719826470637648498464624352018295039077136720509437676494172250439378578308369
1,Our Formula,"(237,237)",1008760069292847204825967279631131176455680042377661540558680045636438227556763137972753656258976990483784685054702451354302310878067832144677671416101490457723666022602076234126039447807916674444720187168666394792284838092481983184703
larger than 5,Our Formula,"(238,1)",288
larger than 5,Our Formula,"(238,7)",12840646464
larger than 5,Our Formula,"(238,17)",403305489727606241518
2,Our Formula,"(238,119)",692753461630085739038658291106547346950465935094848855742086106130031795721417768732547340559801257977721764492378898432
larger than 5,Our Formula,"(239,1)",240
1,Our Formula,"(239,239)",253999524131180612471312056356477581662830387385618750080245374470444918278773767598273150238102992933169172830919221324997118336198985113172576731168758375903388773478479580891190724620831227302793544171998621265405573523771786192477502
larger than 5,Our Formula,"(240,1)",672
larger than 5,Our Formula,"(240,3)",207424
larger than 5,Our Formula,"(240,5)",65976032
larger than 5,Our Formula,"(240,15)",4261582907288583984
larger than 5,Our Formula,"(241,1)",242
1,Our Formula,"(241,241)",64480068947509591960172898191891587811759217941992270963604124164402329974682768768285719708874117455314493285292155740943070516978006120228353952555477495675198238169579020891556500848560388218148476911714859911908875700207431226546646037
larger than 5,Our Formula,"(242,1)",244
larger than 5,Our Formula,"(242,11)",333194159437732
2,Our Formula,"(242,121)",185981976987088081558816719730296164571095891052186946476851018174963098877761384601595656085561107066396654775889163190272
larger than 5,Our Formula,"(243,1)",244
larger than 5,Our Formula,"(243,3)",183708
larger than 5,Our Formula,"(243,9)",2472145147584
larger than 5,Our Formula,"(243,27)",4997373378029917839743186849631
3,Our Formula,"(243,81)",277522387867195499722196313990705904981715606859909552385306076425058672481755899811
1,Our Formula,"(243,243)",16501994652714647892635085022193703536557912850758077211265013835721884320113364225842602640556399239272849066884249076553610566389611519625959497522792249474571529758342354872719785138446542345154806295059701942163210037826485169353888548790
larger than 5,Our Formula,"(244,1)",372
4,Our Formula,"(244,61)",10652247072314068940413028181324794886368892039523594942202434008
larger than 5,Our Formula,"(245,1)",300
larger than 5,Our Formula,"(245,5)",68384840
larger than 5,Our Formula,"(245,7)",15535662732
larger than 5,Our Formula,"(245,35)",448462451294659181575127754042849522242
5,Our Formula,"(245,49)",23363015713396019389852765067461273287588985557208806
1,Our Formula,"(245,245)",4257327080312027810228393021483688821120224826455875921804401072265392901334909038329268962401997597508178780685846870490720935721254751502978756780436769032239193251540051880051914944863312033083530894474444865712529860502292490567778662050055
larger than 5,Our Formula,"(246,1)",336
larger than 5,Our Formula,"(246,3)",190568
larger than 5,Our Formula,"(246,41)",385520593727268555683660650203546999922411470
2,Our Formula,"(246,123)",50722699271860829741071676153890891731654379437253264433165022278673122938259731244928460634522194926487058792474117629018112
larger than 5,Our Formula,"(247,1)",280
larger than 5,Our Formula,"(247,13)",51592398883881621
larger than 5,Our Formula,"(247,19)",70573596317187307538581
1,Our Formula,"(247,247)",1107130853677596694964075620745788515030594916457910341680872620693642439630615350412121597111556055161554339000713050868363185787795324971137777321638354666294224251258629899729867885656152118280726148583855539370098269968873784159198348920749987
larger than 5,Our Formula,"(248,1)",512
larger than 5,Our Formula,"(248,31)",67865642411826686690559756784115972
larger than 5,Our Formula,"(249,1)",336
larger than 5,Our Formula,"(249,3)",197456
3,Our Formula,"(249,83)",80603119212715955496641904882901309808906898885092096910438227842642627289043922741575
1,Our Formula,"(249,249)",290198018765218743940329931454393904921594534563098570642907428949988362000673423228391818793387386443155177394336595476157445849286082687016354380339011065516828322163969229383109664646699237740091310031553516914451100295355717451833366257183801832
